﻿--
-- Script was generated by Devart dbForge Studio 2020 for MySQL, Version 9.0.505.0
-- Product home page: http://www.devart.com/dbforge/mysql/studio
-- Script date 30/03/2021 14:00:19
-- Server version: 5.7.32
-- Client version: 4.1
--

-- 
-- Disable foreign keys
-- 
/*!40014 SET @OLD_FOREIGN_KEY_CHECKS=@@FOREIGN_KEY_CHECKS, FOREIGN_KEY_CHECKS=0 */;

-- 
-- Set SQL mode
-- 
/*!40101 SET @OLD_SQL_MODE=@@SQL_MODE, SQL_MODE='NO_AUTO_VALUE_ON_ZERO' */;

-- 
-- Set character set the client will use to send SQL statements to the server
--
SET NAMES 'utf8';

--
-- Set default database
--
USE ejercicio11;

--
-- Drop table `falta`
--
DROP TABLE IF EXISTS falta;

--
-- Drop table `matricula`
--
DROP TABLE IF EXISTS matricula;

--
-- Drop table `alumno`
--
DROP TABLE IF EXISTS alumno;

--
-- Drop table `clase`
--
DROP TABLE IF EXISTS clase;

--
-- Drop table `ubicacion`
--
DROP TABLE IF EXISTS ubicacion;

--
-- Drop table `edicion`
--
DROP TABLE IF EXISTS edicion;

--
-- Drop table `cursillo`
--
DROP TABLE IF EXISTS cursillo;

--
-- Drop table `profesor`
--
DROP TABLE IF EXISTS profesor;

--
-- Drop table `centro`
--
DROP TABLE IF EXISTS centro;

--
-- Set default database
--
USE ejercicio11;

--
-- Create table `centro`
--
CREATE TABLE centro (
  id int(5) NOT NULL,
  direccion varchar(50) DEFAULT NULL,
  telefono1 int(10) DEFAULT NULL,
  telefono2 int(10) DEFAULT NULL,
  obsoleta varchar(50) DEFAULT NULL,
  PRIMARY KEY (id)
)
ENGINE = INNODB,
AVG_ROW_LENGTH = 327,
CHARACTER SET utf8mb4,
COLLATE utf8mb4_general_ci;

--
-- Create table `profesor`
--
CREATE TABLE profesor (
  dni int(11) NOT NULL,
  curriculum varchar(50) DEFAULT NULL,
  email varchar(50) DEFAULT NULL,
  telefono1 int(10) DEFAULT NULL,
  telefono2 int(10) DEFAULT NULL,
  direccion varchar(50) DEFAULT NULL,
  nombre varchar(50) DEFAULT NULL,
  apellido1 varchar(50) DEFAULT NULL,
  apellido2 varchar(50) DEFAULT NULL,
  cuentaBancaria int(15) DEFAULT NULL,
  id_centro int(5) DEFAULT NULL,
  esEmpleado tinyint(1) DEFAULT NULL,
  PRIMARY KEY (dni)
)
ENGINE = INNODB,
AVG_ROW_LENGTH = 327,
CHARACTER SET utf8mb4,
COLLATE utf8mb4_general_ci;

--
-- Create foreign key
--
ALTER TABLE profesor
ADD CONSTRAINT profesor_ibfk_1 FOREIGN KEY (id_centro)
REFERENCES centro (id);

--
-- Create table `cursillo`
--
CREATE TABLE cursillo (
  id int(5) NOT NULL,
  nombre varchar(50) DEFAULT NULL,
  descripcion varchar(500) DEFAULT NULL,
  esPersonalizado tinyint(1) DEFAULT NULL,
  PRIMARY KEY (id)
)
ENGINE = INNODB,
AVG_ROW_LENGTH = 327,
CHARACTER SET utf8mb4,
COLLATE utf8mb4_general_ci;

--
-- Create table `edicion`
--
CREATE TABLE edicion (
  id int(5) NOT NULL,
  id_cursillo int(5) DEFAULT NULL,
  fechaPresentacion date DEFAULT NULL,
  PRIMARY KEY (id)
)
ENGINE = INNODB,
AVG_ROW_LENGTH = 327,
CHARACTER SET utf8mb4,
COLLATE utf8mb4_general_ci;

--
-- Create foreign key
--
ALTER TABLE edicion
ADD CONSTRAINT edicion_ibfk_1 FOREIGN KEY (id_cursillo)
REFERENCES cursillo (id);

--
-- Create table `ubicacion`
--
CREATE TABLE ubicacion (
  id int(5) NOT NULL,
  direccion varchar(50) DEFAULT NULL,
  propia varchar(50) DEFAULT NULL,
  descripcion varchar(50) DEFAULT NULL,
  PRIMARY KEY (id)
)
ENGINE = INNODB,
AVG_ROW_LENGTH = 327,
CHARACTER SET utf8mb4,
COLLATE utf8mb4_general_ci;

--
-- Create table `clase`
--
CREATE TABLE clase (
  id int(5) NOT NULL,
  fecha date DEFAULT NULL,
  HoraInicio time DEFAULT NULL,
  duracion time DEFAULT NULL,
  dni_profesor int(11) DEFAULT NULL,
  id_ubicacion int(5) DEFAULT NULL,
  id_edicion int(5) DEFAULT NULL,
  PRIMARY KEY (id)
)
ENGINE = INNODB,
AVG_ROW_LENGTH = 327,
CHARACTER SET utf8mb4,
COLLATE utf8mb4_general_ci;

--
-- Create foreign key
--
ALTER TABLE clase
ADD CONSTRAINT clase_ibfk_1 FOREIGN KEY (dni_profesor)
REFERENCES profesor (dni);

--
-- Create foreign key
--
ALTER TABLE clase
ADD CONSTRAINT clase_ibfk_2 FOREIGN KEY (id_ubicacion)
REFERENCES ubicacion (id);

--
-- Create foreign key
--
ALTER TABLE clase
ADD CONSTRAINT clase_ibfk_3 FOREIGN KEY (id_edicion)
REFERENCES edicion (id);

--
-- Create table `alumno`
--
CREATE TABLE alumno (
  dni int(11) NOT NULL,
  nombre varchar(50) DEFAULT NULL,
  apellido1 varchar(50) DEFAULT NULL,
  apellido2 varchar(50) DEFAULT NULL,
  telefono1 int(10) DEFAULT NULL,
  telefono2 int(10) DEFAULT NULL,
  email varchar(50) DEFAULT NULL,
  direccion varchar(50) DEFAULT NULL,
  PRIMARY KEY (dni)
)
ENGINE = INNODB,
AVG_ROW_LENGTH = 327,
CHARACTER SET utf8mb4,
COLLATE utf8mb4_general_ci;

--
-- Create table `matricula`
--
CREATE TABLE matricula (
  IDEdicion int(5) DEFAULT NULL,
  IDAlumno int(5) DEFAULT NULL
)
ENGINE = INNODB,
AVG_ROW_LENGTH = 327,
CHARACTER SET utf8mb4,
COLLATE utf8mb4_general_ci;

--
-- Create foreign key
--
ALTER TABLE matricula
ADD CONSTRAINT matricula_ibfk_1 FOREIGN KEY (IDEdicion)
REFERENCES edicion (id);

--
-- Create foreign key
--
ALTER TABLE matricula
ADD CONSTRAINT matricula_ibfk_2 FOREIGN KEY (IDAlumno)
REFERENCES alumno (dni);

--
-- Create table `falta`
--
CREATE TABLE falta (
  ID_Alumno int(5) DEFAULT NULL,
  ID_Clase int(5) DEFAULT NULL
)
ENGINE = INNODB,
AVG_ROW_LENGTH = 327,
CHARACTER SET utf8mb4,
COLLATE utf8mb4_general_ci;

--
-- Create foreign key
--
ALTER TABLE falta
ADD CONSTRAINT falta_ibfk_1 FOREIGN KEY (ID_Alumno)
REFERENCES alumno (dni);

--
-- Create foreign key
--
ALTER TABLE falta
ADD CONSTRAINT falta_ibfk_2 FOREIGN KEY (ID_Clase)
REFERENCES clase (id);

-- 
-- Dumping data for table centro
--
INSERT INTO centro VALUES
(1, 'WX2706O1HVS83MC9P3BR3BMO0MN8A59YZ2', -2121765141, -1152206898, '7782C8B87X1465AOEX9BT4SCUB3L183'),
(2, 'Y1711PXB7KD3625JHH7X23XN9', -880097896, 69, 'RVH4'),
(3, 'T6621N637K081394X51O050SS0S7', -460715356, 8, 'S728N9C8Q051MC7NKH'),
(4, '95ACBY2MU73A44SNV4H2K0JYE4TU831GG8M3S34F9', -1934848011, -189, 'QLQV0U43GV82IUATN3NYNB1J842NH3VM9EZI41K362YHCZ9W09'),
(5, 'A4I', -202577005, 0, '95RJ30IP641E7RTR06BS2KY'),
(6, 'SS', -1656423974, -43693409, '615NNG40D0D7'),
(7, '78EHT841YU1047JD0PECZ8923R4S69YN96L0461S', -648441972, -43612769, 'KB3MW1'),
(8, 'FG', -1497063034, -253056049, 'EF897LN7YI2452P541O'),
(9, '8IOA7E6T104R82A', -53, -1186503570, '3FO4423VHZP9YU39YN'),
(10, 'WIM320W875HA47YMBP1H3C1HFRV2FAOF1AU7OCEB36759Y4T17', -29, -1099027689, '393JM7E1D2C2X0MP2V9LF89T7J99O5URS798EPL4'),
(11, 'L68425IW0B0O3YW20QO6HGF', -1187139894, -41165870, '363695B1'),
(12, 'S07259W1M468JJ17634PCF2ZJ2S8096KZ1XJ5CLO4139041I7P', -483957992, -5034261, 'V7IO590K0460J77J2'),
(13, '8HME734415UE7U0', -42747648, -1896361655, 'H384YV692S'),
(14, NULL, NULL, -668870769, 'KTJM2Y0GRPI32O53IPM4L53F0'),
(15, 'V913MI7SDE567O5E2R7VQED78', 5, -526509683, '5ZVA408M0BP590Y0118H7B6SG'),
(16, 'Z14VY44T40225', -1537237649, -76, '0646023C2X5UW6V72KS091E860F'),
(17, '291J1446D4JX56SN2SOMWW7UO7', -1987853156, -1181469310, 'V2MR0Y2JGEF3V3G9'),
(18, '6P', -5, 23, '874631M1E70PH1'),
(19, 'V40Y8RN453O19B', -7517, -64006912, '4151'),
(20, '66', -54044699, -851309381, '56VHWCHBF93497T65536666U9W632V2WTHT0X9'),
(21, 'E4706XPL796B6214', -1501991829, -1837413052, 'F'),
(22, 'HNAX1300S294C04R3RH', -21961294, 4, 'OP5M1496N3HQZZ'),
(23, '7C2S65ZEWI3Z856ZCUW1VM2KPCCZ042254166N17TX', -1095589246, 1, 'P462'),
(24, 'KH2O83999ECR0Y84X7ZC889GK066377KS730T85B29', -647106053, -1511615856, '3'),
(25, '2', -454817415, NULL, NULL),
(26, '9V1G5BQM8', -880038450, -1017700704, 'RJJ2S3U5C35S3R33I2P756H6QY16'),
(27, '55A5B6RW7UU9J', -741, -1733332493, 'A0439Z6ED29H873DP1CYX6IXL2044E316NV39971ZU5G1V2M90'),
(28, '7813', -1105939101, -8, '52V'),
(29, 'B5', -854885777, 18, 'D1748XOHKCKDGG5D8'),
(30, '9RL4V9ROQ', 32, -5, 'W3WUYMNA1'),
(31, '80JMU7', -1822584775, -92868201, '732NE0YH206FDT8I44N4N74318'),
(32, '3', -551412799, -2007552699, '4619118P9423YR3'),
(33, '0S89I97141D92', -1920939769, -402327845, 'UP1I509N'),
(34, NULL, NULL, -5, 'O35ZFX991BJ61T'),
(35, 'F0M5G310L', -1119333885, -854497783, '8SPW42IG9'),
(36, '86C8GK', -5, 5342, '011ZSUYD093EQ7OKT2Z7'),
(37, '8LWJ5DL9569', -585, -8, 'ZKTWU29W383V'),
(38, 'U7MTSACFVY9SNE808659WM4XEXK0J4JG4U5H438N3HJ2U4ZGC4', -945, -387252890, '614Q195RFK0U5PU6QN3OC3MN289MU67J163'),
(39, '8VV6', -615162102, 62, '83264MQ3'),
(40, 'PP96FENOJ41N37887', -2130894774, -1760965754, 'X7D3'),
(41, 'YAI33SBNY4J4OZ11VTY2MHRV1XCEN76HP6', -681187666, 978, 'UC47JJ13R275MQRLN1GBFVV'),
(42, 'Q6N9I9N3SH', -605601880, NULL, NULL),
(43, '070C4F3L8A7LSMXY41B659TSD0IAN986VLB65E1BEM7ACGF5X3', -746, -1584135024, 'Y'),
(44, '8R49LQQ5E35813', -51034081, -754329531, 'D8QW2'),
(45, 'R73PL', -128941461, -5, 'ZQ4HC83N05RP37R61QZ3V8X3IHK'),
(46, '88062ZV9MY768488VS', -1614391625, -215215921, 'L0'),
(47, 'GEPS2F0GO7RF', -9560223, -128493620, '2MRT36HEN8086071042751UQ2S043GZR038B1'),
(48, '554Y2PDDL0P60H7F38M0', -1799135639, -1465693607, '1088A1'),
(49, 'TD4DY129923F89027261I', -1694131510, NULL, NULL),
(50, 'MF35WBPQ4V4F', 432, -30, 'MO84M1G6R0194D7NB2QI3C3T3LA85Y4');

-- 
-- Dumping data for table cursillo
--
INSERT INTO cursillo VALUES
(1, '3', NULL, 1),
(2, '863S3L5G71J8018K47L63LFI110977UF', 'F201D', 1),
(3, NULL, '4OFXJ8QSD', NULL),
(4, '85CWN901I03W', '0EMX466B2WGM7', 1),
(5, 'T705H0T18O998465K8Y9', '7SAZ5477', 1),
(6, '3FG6EG391H6', '1CIY4Y3ND5PODH9FK5NWYAN8KEAG0K75PX6O5GAQ5T2566WB8B0E7D2081B17K1J4X4490', 1),
(7, 'PP5JI', 'OR34C308X0C8K15QB2', 1),
(8, '8U', '4T82', 0),
(9, 'OX1GP80QK7ICP063HA099J', '0ZK5XVAH082206E91C2848ES5I2XA8TA9F3M', 0),
(10, '55105VBNKB9', 'A6H', 1),
(11, '1F8N0V5T2M6V1344PI3EX6L', 'Y9U3396K', 0),
(12, 'AER979Y3E5VTEWL', '7C25DU', 0),
(13, 'VOR1K', 'S6891LR8SN02', 1),
(14, '6QA9P5GW5217L8EFC9H9K5GD9711H5VL1D57MW22TRK4', 'IMSERF63GS65', 0),
(15, '1FH6DZKNSJ34OB148', 'AD5960QC', 1),
(16, '36CYXZJE0J', 'UW4WEQ3SJSD6NX3X8492340JX5IS', 1),
(17, '5F1H273PB8Z9457B9I4I12J081TS63CS74P3', 'PFB0UE675N6NU72Q93CSPS54U31', 0),
(18, NULL, '03CI9', NULL),
(19, NULL, '8Z3WSHDR8', NULL),
(20, NULL, 'GNK62F4', NULL),
(21, 'C2T3H899', 'LS9', 0),
(22, 'O1315VV8W9H8FHAP', '1D3972HZQH01W6AVNZJM', 0),
(23, 'RRJ683', 'Z7OT561V', 0),
(24, '6ZN1941L3905EKIK04JDC2', '38A7210VDWTAWLZUQX8O4D6Y3L4', 0),
(25, NULL, '6RUIF08TNBG', NULL),
(26, '8', NULL, 1),
(27, 'E80D2AVCR', '45119', 1),
(28, '877', '737I0', 0),
(29, '02YGQC1B7J5PK5MBW8M79V45F43TLVH324C97V21702Q24VGK5', '6EQGVYTP787R19E4U6', 1),
(30, 'X0836D3', '85QI2TDJ', 0),
(31, 'B265171N96CBK56C6IB50V', NULL, 1),
(32, 'AP1J9Z01J8Q836PWKP901NX7C3A225Z21T1GCX3C4TV1955312', '5N', 0),
(33, '8H98L2', 'A5UZTB854JQW', 1),
(34, 'E574KFLIXOF6BCXMN7PIQY0V51D0B175BZ927RL8JH28', '2L', 1),
(35, NULL, '24X37K0L9Y385F', NULL),
(36, 'L', '82R5I244J0867TVUZ5W1Y8Y68', 1),
(37, '88L13S', 'S78MTIJ1', 0),
(38, NULL, 'Z262R1E57HNN58ZFLP6130K5V8C', NULL),
(39, NULL, '5VVT1OB3EX14D302W6I50Y38D24V228MY0', NULL),
(40, 'R9J9M17', 'GS5GW7YXS7C62P23S51SWA7KA3FDGOKBFLKFP65KA2QR', 0),
(41, '4L26P6RKX68', 'A19817KT6IMU40S', 0),
(42, 'X3SQ6K09926Q6DJ85E79R57630636CYOJD0BPML2L5B8CO622W', 'J2595193X0OGSY2K', 1),
(43, NULL, '27902ID9J6P487UF879LML98Z3W35', NULL),
(44, NULL, 'PO67E69637T2VN181WY7VBM3509VKY0XYN1E8TA6S1Y02489S3Y9M77UY8', NULL),
(45, 'Y7E9J594C6L37Y', 'X0XT', 0),
(46, '72XOQ133J06P09274MVU82IE94P82D71WKKE9024', 'EHQ7VE8X9BNU856037TOGK7A4WK6', 1),
(47, '25O143M', '49PYGGBF', 1),
(48, 'NU5D6A6DA26JEM46F5M6C3F6056', '73M3M4EKKWXF', 0),
(49, 'NAYRJX', 'VTW0U', 0),
(50, NULL, '5519LRHAR5A1AHQG39M4', NULL);

-- 
-- Dumping data for table ubicacion
--
INSERT INTO ubicacion VALUES
(1, '864', 'J7O4SDQ909KH24A9SH2N7OMS8T173', 'U5814Y10P8I3V3MMM9PXR92938P281O9D7KQ4CDX'),
(2, '1HE7AFW1VJL1C8EW4G313H', '7MHVQG4229L3Z8B', '7INE5N7L766WE17AV0460'),
(3, '54Y2', 'WM29QV', '1'),
(4, 'K', '2Q4WO93RVU5', 'K5M9Q3XZMK7VL'),
(5, 'SCNS345E18HO37BG3102IHOR3I08NG19OTQ1UP2XZ92II0A3A0', 'Q1G7355TEP3B6XC3D6PA844LPCUQMX5RC', '6OHN5Z7TK823A59W26998D1T9'),
(6, 'UCIFP6YY8VEA19469470380OJPP36V', '5MW0Q016KLEJ35JWSI308U0', 'OG'),
(7, '7I7Z2Y4FOT1WF82M30M0X9XGE7KWKYSUW6D3BNFSQS08TF83E3', 'R7ZI3P16857QFMK422XV0K9GC', 'AG1FTARJG7GGF84DR7R0D7R73664124D4XZLUEE9492L2EL2NN'),
(8, '0C1K158CQ02', '2640Y1C9S73628WGH2', 'A'),
(9, 'Q44NSZ198HU9D93QYSG9U18A95', '98', NULL),
(10, 'D9W9YS3B12NR3EWW5Y', '6IY6L13PZI7UHK403VB', '01XO80HV9TU4XT6'),
(11, NULL, 'NNFPN', '67K4B9D'),
(12, 'ZY96', 'F', '103WGKO1X7CXIA'),
(13, '2VS2OH65', 'OG4JIK63S4Y3LYWP0238ZNG803PBP3H', 'Y8W3'),
(14, NULL, '234K3JG86', '3L3MG2KH3WEM31'),
(15, '4', '89XAESUZ1DT0F65TV5', '4E32G6YQZON328Z8QVGTEK07'),
(16, 'XM935QV0C5LL0A3T5U24RKU06Y693M352K9TL6LSNRAMDQ2465', NULL, 'S9HM64XQ3AT19378PX9H8Q0'),
(17, 'I418A0TSN64YABJ6K7', 'U49RMV2535', 'N79P7T7DGDQX61FJ'),
(18, NULL, 'OD08N473G4', 'J5TM88VL0Y5526M4HV5N4C55'),
(19, '9I6Q9XPY4MJIX9', 'K3B091V2V28Y16H5Q1Q6UFPSO78VQ0CU3103K7027ZC4P4026M', 'P'),
(20, 'X0544NF0796IK0JIR18X6Q0ZI36S4H2WM41B7WT68NA33734L', 'R8L8SYMTPXC18CPDK', 'X1UF4NM9O5WJRO3V2W5W22K09Y0JGE365'),
(21, '875IS7BYJ94QB4ANLS2791H299530425', '98', 'KL2Z'),
(22, '049Q1XT4TUG1BE', '4IH4N99Y7NAKN8V9D67651R9478E6N8', NULL),
(23, '951Z470L8PHG1', '1RJ', '6KDFEC20F847JE172EBE4D6Z9'),
(24, NULL, NULL, '3G6KV9OOA'),
(25, 'S5QXRX584J9KY3Z1L5CC', '1M5318GO311WIA8X833', '5SW1P9152'),
(26, 'M1', 'A09', 'JGT1250'),
(27, NULL, 'QGG19DAWHX4L', 'F'),
(28, '07673GB26L6DK912OC5', 'F2', 'O3AU42'),
(29, 'D7S31471RFYCC9N196FK988394K79AEU7JS8TI06IV0361', '57W2BFQ27KB41G3P4ZWTXA71L850OR1N', '7EG1ASI'),
(30, '2ZRIDDM2MVBVPB', '1YS29H7BUMWO5W117I5I0H3GMK', '7'),
(31, '82H', '7BWHR2S5RQ254P53988X7219F0', '4D177NH40LIOUQ'),
(32, 'W908D257ZQHZOUQ9YPBI6HW', 'AJG4QL30ND443EN9780C', 'K09H0XP'),
(33, 'G142QT4G79M50E5F31N', 'QCZBYDLV85GULVNV0P0XLE28887R365D342', NULL),
(34, '0', '4K32HT580K8Q2HAZZH22H48JJH789XX65P6NW4DQBLH1540AT7', '44DA3D64CVU5L1CBX790827'),
(35, '41OC52FLD4S071G7308', 'G2A', NULL),
(36, '9A0G26J', 'FUR6D', '2TA4PF3325V'),
(37, NULL, NULL, '2814JLAU9O076P5612IZ2FMD9G5KK9'),
(38, '4K61', '493A3601P9373', 'G60R0'),
(39, 'Z7DME9395Q02OB6KE', 'HR8Z27OVYQM3HY', NULL),
(40, 'P8H9FDQ6AAWW3S6L9FAGMBF6V26', 'V35NLC', 'V0N53MCL3J6HY90L7'),
(41, '0E9981H2Z', '74F', 'Z90ZVL9QDYTR686B2N5C5Q851B77'),
(42, 'HNC449O5VD', 'W22Y79U0WIS0C95Z19FCI60S76S61LMY126V12R28CBT5V4QDP', 'QL'),
(43, 'RZC93X6F73953FQN', '4Y5X8UL99R8G', '88RYX51JB2SH'),
(44, 'CEWF2RGLJ842TF7KON4XS17R4Q03O0WY47LUZ290A8Q519RG42', 'QX39C1A19EJ6X', '18P1T070BIZ215ZSTW2B864KH83620C9N200T739204Z697XO5'),
(45, 'OD949XS832JZLYPU6M8', '1', '20YFR36V0'),
(46, 'BHXPV6H6X', '6QWJJ0OQHJ8YOTMII37O951YY8S2ND1M9D21G31TD6J1F4IXAY', '122L4D98O86TB3LD42PW'),
(47, '92W3Y48DIT70A079L0H4GT811H0ROBW4ORTW01O786MILTKRUR', '004VVKE1QHCOF9K4DQ7A1SP088C0QP903R8UMCZTHM60KBH5Y3', '0JD'),
(48, NULL, '4P7', '6X736'),
(49, '1RC', 'JHU0M52PIA', '2B9FXOZ3226442H4C5O8599OUKG1976V0'),
(50, NULL, '210ITQ0BTCG3QUK5FDQ0BZ', 'I61NW680XZ9');

-- 
-- Dumping data for table profesor
--
INSERT INTO profesor VALUES
(54, '794DB97NCS5PN5G97WN6M4I', 'Banks@nowhere.com', -254926217, -1432851621, 'N', 'H7I2K1RC86W22Q7CCQ255O7', '65221', '55294', -463293378, 18, 1),
(55, 'T', 'Golden6@example.com', -997859113, -1794334035, '44JW1X82', 'QT', '42972', '73850', 67, 37, 0),
(56, 'H1W', 'Mullin3@example.com', 710, -1120600405, '1', 'F80V9B1664', '84407', '95436', -1406400249, 39, 1),
(57, '5ME20GXI73U1OOU64956', 'Ilse_Deaton@example.com', -36, -68, 'UDO6O931', 'S92PU69VZ8A5H5X85Q307P35D594F0QKWG3SPAVJ28J87Q2133', '59253', '62192', -261, 16, 0),
(58, 'W3454SU9BXDO2X', 'Zachary.Orta44@example.com', -2018875483, 7, '2Z3', 'L0344G9CPI', '85042', '89326', -404426929, 33, 0),
(59, 'N00', 'abamqlcw4@example.com', -911597340, -326886560, 'W', '9BQ1S113TP04531312996M9J414WBOKW36491X1F', '26312', '20869', -1713443516, 16, 1),
(60, 'QCR2K5902G3M36985F3TEA6880ZG392OU6', 'HarveyWLinville3@example.com', -59129593, -1089280074, '2S462BT2EAR485931663AG5ACL7F6009FQK80K4G87X747Q1OR', '2Q05XV61184MSC0PWUD8', '87498', '02453', -444359426, 24, 1),
(214748420, 'ZKA09WI0OZX2839C', 'Pride1@example.com', -31, -1030416957, 'P3P3CBSGG91X8IX3HT0KT493R5H2F75197F6OXZOX1M8932BQ5', 'Q6ZTHM', '90723', '32386', -1501329100, 32, 0),
(214748421, 'D9Z54UW16C80Y954C53OB1JVN66UPB4H3TPD702', 'Warden41@example.com', 7742, -8177, 'N55Y', 'MXQ45Y1WK', '70293', '01724', -298, 45, 0),
(214748422, '21A7F684T93', 'DawnaLeclair89@example.com', -1957096286, -1728225444, '524W6MS2R11KU57C', 'Y0C42922UZ2I2J49K', '93895', '45708', 61, 41, 1),
(214748423, NULL, NULL, -568575712, 33, 'VH2KLBVCZMR48452S', '0H2OW7F4SQR7G67NM52472649WO5355A2N326', '67145', '06407', -290433946, NULL, NULL),
(214748424, '5ISKI1B0LHIQQ', 'Pippin449@example.com', -1989361277, -1052188259, '243Q6OKY3E9', '455Y266MTJHT35YLSDE', '43720', '98537', -643386522, 8, 1),
(214748425, 'ES7710TE0', 'RosenaBooth@example.com', -5, -534726462, 'T', 'VI203VA80478NI3GOS01PBRWA2QY97C1BUCI161250M4LB1N85', '95513', '49235', -2120990603, 33, 0),
(214748426, 'OJ26503T549QFW02HOX0H', 'UlyssesCash51@example.com', -751, -102410662, 'B58A8OAP6K06AK1912IP64FT8IS23', '0GNNTGH926VJLG6M84PXV6U', '90415', '55679', -2054508932, 41, 1),
(587500911, 'X23K65GE3H7R3', 'Mark_Acosta6@nowhere.com', -1682896328, -231, 'S4H4', '22AL3L9C5C', '29167', '38179', -1937522438, 50, 1),
(587500912, '2NMG20HLNJ3035U745UHSMQIL74', 'Lanham@nowhere.com', NULL, -2024878791, NULL, 'X218LOU9508CVD4E4', '53399', '54750', -282393077, 24, 1),
(587500913, 'A7XKY2G8L49K289WH38760KR3C9', 'FilibertoCheng5@nowhere.com', NULL, -371, NULL, '82Y1X2M4', '51362', '97235', -1047813450, 46, 0),
(587500914, '97O39J26D61LI3A6G', 'Robson@example.com', -1833416339, -890363848, '08ZW089QBX722T2PJ1QQ14SI8074113B0XD5R076703', 'OET64KP', '76025', '54213', -337335572, 9, 1),
(587500915, 'B0VC0KYT62N63JZRJV74BD65J57A312P', 'AbeCrockett129@nowhere.com', 8, NULL, '0G9732E985VR7IBN8BV', NULL, '33597', '66989', -1806418232, 18, 1),
(587500916, '44R3BN', 'Josef.Aguilar@example.com', -5, -1726512000, 'UE49093RA126U657C3P600Q2NQH854Y8S22J90V216V5A9O27R', 'VY2E3S422QM29', '31883', '16585', -164238798, NULL, 0),
(802249276, '7J4TRF', 'BeauShrader@nowhere.com', -780117874, -98, '7IA41JM675C3ST8B1T164GU5A2Q1G9011CZG12OH8', '7RK34UD', '32062', '73314', 9, 18, 0),
(802249277, 'JM8ON82', 'Beale@example.com', -837065396, -269, 'B', '8Z56J9G8T2H9UAJMHM8985158R402Q3F457IXO4YZXNL3K2T86', '33285', '58206', -788164678, 42, 0),
(802249278, '6959LCD95QIDI60VDVG04OG13Y774HC8C2YH8E57JCOJQ05258', 'Escalante@example.com', -2005, -2089407047, '6F037D58P51J1799L', 'K0P61W5PIA2272ZN', '87344', '76862', -52579373, 11, 0),
(802249279, 'B65E26CUKMV7E8XWABM764RP3M7055W95QZ', 'Herb_Kingsley664@example.com', -1246720837, -1960726208, '5G9FPE147ZA309DUBAZKS64UXEM6NLZ0BS38U8K93QQ232', '9M09KKBK7D1', '08260', '02139', -44349581, 1, 0),
(802249280, '5XLZB2A14RRAUV2HQ916EV60IIT8MCS28NZS7TI7E4G9BGYJC4', 'Adah.M.Stevens47@example.com', -5701, -335207885, 'UW49PSA6H20', '84F3SGO71CC13R3U1WB04Z32VV0H1O90P66SP9G8X0HBY1A', '97838', '09457', NULL, 24, 1),
(802249281, '4X216Y0RU', 'LuciusAnderson371@example.com', NULL, 1, NULL, '5G8CL856OA', '36389', '93730', NULL, 19, 1),
(1063013834, 'W4Q87J826F0O24YU5TZ451XPK814R04IOG0FOP0PT183H1KQ06', 'DonBeltran643@example.com', -883264385, 79, '31', 'ONKFF0B3I89NK0928', '58328', '39216', -2036831691, 11, 0),
(1063013835, 'UZ8X83H4UDI57T8299A92VJ71PTOY28XXJ9S3Z19TPYU14W', 'Abbott27@example.com', -2064525449, -1487623419, 'G5', 'IQ86077T2DJ41IL8V73CUT8E321YIS71T2D4SWF37EQ962WGP5', '94620', '45824', -1806017762, 22, 0),
(1063013836, '97J1092H33UMU39SMR02', 'GuillerminaNeil237@nowhere.com', -779472370, -53701857, 'NRI3QN', 'G1O6HIMF38A', '58283', '99148', -3329, 20, 0),
(1277762199, 'CWVA48YE8KKA0J4', 'Corbett41@example.com', 460, NULL, '9', NULL, '77230', '58499', -940489305, 21, 0),
(1277762200, 'Z3PIWMV76D42DKV8K', 'Dorris.Finch@nowhere.com', -395294466, 0, '3NFNXIFAEQ03H6R734Q74E8HH668A6665WM009157Z92C6XUS', '5H', '79275', '55322', -1309034076, 9, 0),
(1277762201, NULL, NULL, -7, -164353808, 'M364UD9TIZI72H1DPB0646', 'DF', '44592', '84454', -1614371650, NULL, NULL),
(1277762202, NULL, NULL, -898, NULL, '7V8P320GWR0VM7BEAXJ696I3IE4HRE1HB7458568ZZH8Z57C17', NULL, '75598', '37641', -913965177, NULL, NULL),
(1445046472, '551', 'Brower@nowhere.com', 87, -1765423586, 'E4RI5WY', 'XP657OP9RWT26ML', '55225', '46167', -8, 43, 1),
(1445046473, '8JE2XJNT9X5W3TE9', 'Bray873@nowhere.com', 5348, -1377813044, 'SZL8W', 'ZB0E84J27', '51687', '54140', -1764359293, 21, 1),
(1445046474, 'JL3YSZS', 'Lionel_Abney@example.com', -1883059763, -560, 'A817PMY', '7VTX0A5O5', '28286', '01055', NULL, 17, 0),
(1445046475, 'X0X2F9G8YX48EEE9P6H8U7RELY1', 'Royal.Fields216@example.com', -1239403114, -807249409, '0', 'S3IGA1735BQ94OCD30TJ6H5C88WN314NN42E5T6H4F', '84084', '79583', -1277036079, 7, 1),
(1445046476, '334OZ9C98402XDSH6BM72N8DQ', 'Sue.Shank@example.com', -1238043340, -497018496, 'PCQ2YP21UGGM1N', '5P89W6ECR9JE0Q45RPJZ7822OWP8N97L2F0M7DWF7J5IC68NSA', '39461', '55446', -363070903, 38, 1),
(1659794837, '8X8Z8J2FP', 'BiggsB@example.com', 9312, -1925050876, '331311', 'VR9EY3', '84031', '37389', -1163814149, 3, 1),
(1659794838, 'A1KG105SFLP3SM4U72X0B48', 'AbeStclair778@example.com', -583307337, 87, '2ZV10W0PK0VWGO', 'F73R77J3KI142W2KMIKC14S4QS', '89987', '12143', -361358126, 12, 1),
(1659794839, '96G63Y3U97F433NWD240ALV', 'Browne@example.com', 9, NULL, '96V854G4005XDIZ172M7IU4LZ', NULL, '84148', '38499', -1214754137, 27, 0),
(1659794840, 'JN2Q788U7U24406EKG0PF2KG32H1CL5BS00', 'JackieMccall@example.com', -919675575, -499394584, '5TOC2', 'TL7C8IX3', '23449', '17621', -713630034, 14, 0),
(1659794841, 'S53I6', 'xnscft0@nowhere.com', -1345648479, -674764348, '9Q0602W96JM10QE2SC28Y84109Q0', '28ZB', '67972', '68466', -137745753, 26, 1),
(1659794842, 'C6ZTT36M9B5841', 'pppqhd1463@example.com', 69, -1640056529, '64H8E3I743EN4XKBSC3WJR1ASWW705MTG2', '79U99P3R8OD8R27ZRD1', '32001', '18846', NULL, NULL, 0),
(1780542052, '4Q7QIT9T9UBH2Y6JDQSM8D4', 'Abram.Norwood11@example.com', 3851, -1157183679, '5E3', '218I4J39', '71398', '97909', -1541817106, 7, 1),
(1780542053, 'CT404', 'GlennaBarrios@nowhere.com', -1437852687, 751, '47D087', 'TC2Y5ANK57BT7JU3GG38270160', '70328', '25422', -478389713, 12, 0),
(1780542054, 'Z53IALK82PW95U', 'Abel@example.com', -1804208909, 6532, 'Y71058901AXRP5H4Z337C4RR1QNZDZ05J8HK7WB0QI558OU115', 'Y25JMB', '45325', '18856', 7, 36, 1),
(1995290414, '3SLI', 'Wonda.W.Abbott@example.com', -719083019, -838133017, '8', '31YC09YL', '91390', '16475', NULL, 24, 0),
(1995290415, 'FARA6JO74438068FV71K7H6Y2A8YA2DO52C8J80LA2W', 'DeboraRice2@example.com', -92204209, -1769301196, 'X2B6WEKEE7C2T', 'OL', '39208', '40254', -585691371, 30, 0),
(2147483647, 'M06TNPCFMLA9U94XXY1UK69FX', 'Danica.DChristian897@nowhere.com', -1906251446, -997713899, '7BFZ8SO8810Q57', 'N83681CXK01Q3T57ES66XPX3RD27VCH57HYOF9V66AX4HFRX14', '20870', '12429', -865590283, 17, 0);

-- 
-- Dumping data for table edicion
--
INSERT INTO edicion VALUES
(1, 18, '1970-01-02'),
(2, 1, '2006-12-02'),
(3, 46, '2003-06-13'),
(4, 11, '1986-06-18'),
(5, 37, '1970-01-04'),
(6, 6, '2008-04-20'),
(7, 20, '1979-03-28'),
(8, NULL, NULL),
(9, 22, '1988-10-12'),
(10, 32, '2010-12-16'),
(11, 10, '2000-10-12'),
(12, 16, '1971-08-12'),
(13, 6, '1973-05-09'),
(14, 35, '1970-02-27'),
(15, 17, '1986-04-30'),
(16, 13, '2007-05-28'),
(17, 43, '1972-03-03'),
(18, 8, '1993-07-31'),
(19, 28, '1980-08-28'),
(20, 34, '2012-07-16'),
(21, 26, '2001-06-26'),
(22, 45, '1972-09-19'),
(23, 15, '1990-12-17'),
(24, 45, '1970-11-24'),
(25, 10, '1970-01-08'),
(26, 44, '1985-01-14'),
(27, 6, '1981-08-20'),
(28, 34, '1978-11-11'),
(29, 28, '1979-12-03'),
(30, 25, '1996-12-10'),
(31, 20, '1971-05-23'),
(32, 11, '1970-01-01'),
(33, 8, '1970-04-10'),
(34, 8, '1972-02-12'),
(35, 26, '1970-02-09'),
(36, 28, '2000-02-07'),
(37, 5, '1971-02-01'),
(38, 20, '1997-08-07'),
(39, 18, '1970-06-28'),
(40, 6, '1994-07-20'),
(41, 4, '1970-01-10'),
(42, 26, '1970-05-21'),
(43, 42, '1999-09-07'),
(44, 33, '1976-12-16'),
(45, 7, '1970-03-22'),
(46, 18, '2016-04-08'),
(47, NULL, '1970-04-14'),
(48, NULL, '1970-10-28'),
(49, NULL, '1970-01-07'),
(50, NULL, '2020-05-15');

-- 
-- Dumping data for table clase
--
INSERT INTO clase VALUES
(1, '1991-12-19', '02:13:43', '03:55:30', 1659794840, 46, 13),
(2, '2014-04-07', '15:11:34', NULL, 54, NULL, 29),
(3, '2015-12-08', '16:05:36', '02:25:33', 802249278, 26, 32),
(4, '2002-09-02', '23:25:47', '23:39:13', 1659794840, 33, NULL),
(5, '1984-11-18', '02:29:16', '12:15:39', 1445046475, 28, 12),
(6, '1999-05-23', '22:40:26', '09:21:20', 1277762201, 5, 33),
(7, '1989-07-03', '13:33:02', '14:50:56', 802249281, 23, 4),
(8, '1977-06-28', '18:37:17', '00:09:27', 802249280, 35, 4),
(9, '1978-04-28', '13:19:26', '00:15:15', 802249277, 46, 19),
(10, '1992-02-18', '03:52:17', '18:23:23', 802249281, 32, 1),
(11, '1996-08-01', '09:25:58', '07:46:42', 1277762202, 39, 48),
(12, '2018-06-17', '13:12:38', '11:51:05', 587500911, 13, 46),
(13, '2008-05-11', '16:12:44', '00:00:31', 55, 8, NULL),
(14, '1972-07-11', '00:15:23', '16:07:34', 1659794838, 28, 26),
(15, '2020-12-01', '04:36:27', '03:52:24', 214748425, 7, 10),
(16, '2002-02-25', '09:11:20', '00:00:14', 214748426, 23, 39),
(17, '2002-09-06', '16:03:11', NULL, 57, NULL, 19),
(18, '1985-09-30', '14:38:51', '22:24:13', 1780542052, 26, 24),
(19, '1977-03-15', '12:48:30', '06:25:43', 1780542053, 32, NULL),
(20, '1989-05-13', '02:02:27', '06:23:06', 1780542054, 38, 42),
(21, NULL, NULL, NULL, NULL, NULL, 1),
(22, '1971-02-21', '06:13:01', '00:00:06', 214748424, 28, 23),
(23, '2016-05-20', '17:46:05', '23:53:31', 1780542052, 37, 25),
(24, '1984-08-14', '05:27:10', '02:16:16', 802249276, 13, 24),
(25, '2008-03-13', '20:28:15', '00:57:14', 214748423, 32, 32),
(26, '1995-11-17', '02:22:46', '09:48:42', 802249278, 25, 7),
(27, '2005-03-30', '21:02:16', '00:10:47', 1063013836, 49, 34),
(28, '2009-09-08', '08:47:02', '18:45:06', 56, 6, 24),
(29, '2003-09-26', '12:06:27', '09:15:01', 802249276, 4, 25),
(30, '2011-08-21', '02:34:26', '02:08:30', 1445046474, 6, 2),
(31, '1987-05-05', '01:17:56', '06:30:05', 214748420, 20, 16),
(32, '2015-03-18', '04:31:16', '20:17:50', 60, 1, 25),
(33, '2003-02-23', '00:44:29', '04:28:03', 802249277, 44, 25),
(34, '1976-02-04', '16:37:44', '08:49:36', 1063013834, 12, 24),
(35, '1970-06-25', '00:02:56', '00:10:23', 1445046472, 4, 28),
(36, '1994-08-25', '02:24:48', '22:23:24', 1063013836, 37, 24),
(37, '1973-11-14', '00:23:34', '12:57:11', 60, 45, 11),
(38, '1976-03-07', '00:08:18', '07:48:50', 1659794841, 4, NULL),
(39, '2010-03-01', '17:57:57', '00:00:05', 2147483647, 31, 39),
(40, '1977-05-05', '05:53:26', '23:11:57', 1063013836, 20, 27),
(41, '1977-03-27', '18:03:45', '00:01:38', 1995290414, 44, 43),
(42, '2015-05-14', '08:45:53', '21:12:02', 1277762200, 1, 49),
(43, '1987-02-03', '19:37:12', '00:48:45', 1063013834, 27, 14),
(44, NULL, NULL, '00:00:58', NULL, 40, 7),
(45, '1993-10-20', '04:47:32', '00:51:28', 55, 37, 10),
(46, '1970-08-15', '00:03:47', '00:00:54', 1995290415, 31, 13),
(47, '2002-04-26', '14:51:51', '00:06:23', 214748426, 25, 20),
(48, '1970-01-08', '00:00:08', '00:04:04', NULL, 14, 26),
(49, NULL, NULL, '14:48:09', NULL, NULL, 37),
(50, '1971-04-14', '00:07:49', '10:10:51', NULL, NULL, NULL);

-- 
-- Dumping data for table alumno
--
INSERT INTO alumno VALUES
(432, '68L2V5M5JF120O69AR', '24936', '65214', -421356767, 63, 'OlgaFerry@example.com', 'DN'),
(433, '662C79K', '43815', '14786', -719, -8, 'Ketchum@example.com', '5ZEA78EE86SCY59V3W6KQN0559PGH10HC6S410H3F3K8K1W'),
(214748798, 'AN31Y', '47426', '23342', -1673869506, -94163426, 'MathewDeal16@example.com', '7312EXUD'),
(214748799, 'KW01KB0IPGU09M55W', '45043', '16653', NULL, -1548597520, 'Nickie_B_Ambrose@nowhere.com', NULL),
(548150612, '00A848KWU', '80460', '94630', 3, -943839737, 'Bolt@nowhere.com', 'WCC94WA7S70'),
(548150613, '2Q507C026274Y7E8W7RHCC5M970G3P', '44963', '77578', -82528001, -307310126, 'Gutierrez73@example.com', 'ZADG81848Q244M66K868LQ07I2OL8V7KG0Z569M8843'),
(548150614, '36GSX', '34115', '74840', -6, -1490537754, 'uadm55@example.com', 'V8QBV8D'),
(548150615, '9ZWCF8', '69532', '48619', -41, -1195193230, 'Rich.F_Hutchins@example.com', 'ZY88098W937ISU648FJ9AGBQ7GY16Y4'),
(548150616, 'K261F7Q918750Q49SXI353FTIF7UNF1YCK1Z89L207Y4F2D3O6', '76457', '93604', 244, -1866654781, 'AdalineW.Radford8@example.com', 'A8N54XT3FQ9H75H7E5IBH6213E'),
(548150617, '920KZQSYKFKHRVT2C39X3PY16307P7L28OF', '62008', '78189', -99, -1448960231, 'LakeeshaAbel8@example.com', 'CG101133H6EM'),
(548150618, '62537MI7W', '63555', '42393', -1007746493, -686281364, 'LaveraLRoberge63@nowhere.com', 'C05F5631IF9178NQT'),
(548150619, 'PH8KA0', '70580', '29443', -1764148239, 6199, 'SanfordRivas721@example.com', 'R'),
(762898978, '3NO40JEX3LQ8', '08276', '34958', -576992442, -476, 'Bray162@example.com', '847K1H34H3TFD02EJZC5016J29X'),
(762898979, NULL, '15878', '43438', -815769465, -1209708887, NULL, '208A'),
(762898980, 'SY9NB4RU8VXGE940', '05398', '87968', 654, -950747444, 'Valdez@example.com', '5CJU98056Q810VMJ'),
(762898981, 'X4544SP0V27SS4335I0530I8LW73NN103P', '93261', '54770', -408543527, -532059750, 'phkfhcmu_jjjdjuvrms@example.com', 'NXVP6UL3M29I69UV592K5OF0AD45J604NYT69A6008V'),
(762898982, 'QEAX49EH211YJL4HL4G36K8CT65HA1GH05W4F6ZTDH78S6B190', '38423', '64117', 96, NULL, 'Hoover@example.com', '4A851GIX7E3Y8701103626HM'),
(762898983, '4J1NC5627K10D', '94299', '45434', -480951045, 110, 'Scarborough@example.com', 'J1T642GTLZ'),
(762898984, '3H2', '99070', '14554', NULL, NULL, 'MalcomKnutson757@nowhere.com', NULL),
(762898985, 'Q1VL', '84763', '68391', -30, -1794008574, 'Tenisha_Mcclintock@nowhere.com', '563YPJ85008J5ZKS992Q2TT6H8W782LV6PEAW'),
(868816773, 'E9DL', '47864', '43735', -549751213, -1624469049, 'Monroe.Rinehart@nowhere.com', 'H7379871K9B7192931C56'),
(868816774, 'S5173UQ6Q56X8K9NB1S20', '16874', '34891', -774, -1618757887, 'AmosBliss189@example.com', '85RVYO2Z2D26OKBNTNBR0DTY2BU14OD317TT282GB30F4HS2ZM'),
(868816775, 'I0Y0K497DCR6KUCW9D519WC3GA37Z09I8GQ61AG9Y638N704JC', '96465', '47090', -1562455411, -8, 'DorcasLadner5@example.com', '78SXRA'),
(868816776, NULL, '48781', '06633', 30, -207740402, NULL, 'M59951A79SF0U'),
(868816777, '727X865ZWTX4I66W6R4Q9IH', '93063', '18350', -60, -965712830, 'pcvmbj959@nowhere.com', '988392F9DLC97131EYWZL468P5M0EUW503Z7Q9'),
(868816778, '621446AH1PC228921LTF4LV', '22225', '22793', 1246, -920399458, 'Tanner_Banuelos@example.com', '397K2S51LJ45'),
(1083565138, 'Q74', '19222', '11450', -503869800, NULL, 'Morehead@example.com', 'J6O39DFL85'),
(1083565139, '55MD8WQ4V48JVFPP7699MKJ2I8V0680C32K26', '89169', '53842', -339, NULL, 'Caldwell@example.com', '5X'),
(1083565140, 'I', '51627', '70957', -8745, -556477826, 'sdyfq9887@nowhere.com', '6A8QFR84AX9VZ977W7P3MJF68W493JK4Z2BD6851279292LB2Q'),
(1083565141, 'EX4G8A803V45F97UC0PS35C', '85820', '81150', -1642917112, -622724199, 'pqfmmt48@example.com', '58R7BZZ2N66'),
(1083565142, '8V9KCL99AHM56V5XSIIR', '84404', '20864', -233663196, -114995481, 'OdellG752@example.com', 'GP47Y00T217LY27'),
(1083565143, '42FT8GSPZ34UT677NG8KK9DQSDML1X5', '70076', '76688', 371, -379307018, 'CierraCheatham@nowhere.com', 'JFSP47PVU'),
(1083565144, 'W451Q257085N', '62888', '81148', -986931699, -1868052182, 'Alley91@example.com', '349WK7BAK65OPSO74NO2ILVK7BQ59KMQW348H6W18P1TFMJ40C'),
(1303563038, 'JQO10XA4X306P44GU1J34HN4N3USVDCUE720Y0KCZD65Y4N545', '40093', '96139', -1956156509, -429275820, 'FelipaAbernathy@nowhere.com', 'DS'),
(1303563039, '13MF3Z67O4', '32014', '09304', -1588532960, -2133206387, 'gxsgr25@example.com', 'NMT82A816IQ6M8WP0ZB1RJ8X2S12OK8HVZ764159Q1SU211G6C'),
(1303563040, 'Q9VPS9M70Y40JK8034857428V0MS8', '01414', '50500', -1376415687, -1231576311, 'jajk3595@example.com', 'V48H445V07C27638'),
(1303563041, 'UZ6N3G7632CLIU22M5A2IX4', '76086', '24021', -1274058507, -1655169076, 'Russell@nowhere.com', 'R7'),
(1303563042, '1064O3HH4J65NY57Z7CL4H1330U1685VJD48971J', '03167', '13392', -671492209, -1321247616, 'Sturgill@example.com', '557CD0TV5VQMUB5D0N08SF658NJAQ189QY1'),
(1518311403, 'D80X', '68767', '49273', NULL, NULL, 'xmhz1900@nowhere.com', NULL),
(1518311404, '76', '37957', '78879', -2041404144, 6, 'NathanielC_Christman823@example.com', 'VJ114IN5N5TX32M78K11Z5WU56W004GA8YD'),
(1518311405, '3V2009C6D1T', '88231', '98944', -3453, -3631, 'ikzv7@nowhere.com', 'H'),
(1518311406, NULL, '55629', '96600', -2065880499, -546337011, NULL, '166J5HKT'),
(1518311407, 'KJ88AJ71118K921G1AB88MAKR327GX76O30515VS91R', '09892', '32691', -1279257748, -248217915, 'LucillaAbreu267@example.com', '8VP26W477ZL10QY7UFI'),
(1908000232, 'SI15W4575I527TR7', '23003', '76703', -160030359, -12972683, 'Sidney_Agnew3@nowhere.com', 'U287N8G8'),
(1908000233, '9LJQ5L6', '33589', '07975', -1523251993, -638715405, 'SmalleyS@nowhere.com', '3XBTJ164'),
(1908000234, NULL, '17692', '54239', -935181600, -1258858447, NULL, 'N9E8R9G98T'),
(2122748594, 'P56258', '75351', '99399', -461222556, -1922734024, 'Adler@example.com', 'K90R7TA8J7F1B9Z26Z41K16G4HWJQ6T'),
(2122748595, 'T330O1H39635QC', '82218', '20928', -198865997, NULL, 'Newsome21@example.com', '206D01U55'),
(2122748596, 'D9HA3293A240J', '02368', '91946', -878441228, -885707670, 'Rudolph358@example.com', '3640'),
(2147483647, 'T', '86849', '08242', 73, -409185753, 'qpzre411@example.com', 'PU77823H9ANM99OGB57T081J041U611027HEV1F47A95B5BNIL');

-- 
-- Dumping data for table matricula
--
INSERT INTO matricula VALUES
(33, 868816778),
(18, 868816775),
(40, NULL),
(15, NULL),
(NULL, 1303563040),
(NULL, 1303563038),
(39, 868816778),
(27, 1518311403),
(49, 1908000234),
(37, 548150615),
(20, 1518311406),
(3, NULL),
(7, 1518311407),
(38, 868816775),
(41, 1908000232),
(13, 1083565143),
(15, 868816777),
(24, 762898978),
(28, 1908000234),
(18, 1083565143),
(6, 1908000232),
(16, 1518311404),
(31, 548150612),
(20, 548150612),
(29, 548150618),
(NULL, 1083565142),
(17, NULL),
(42, 1908000233),
(1, 762898978),
(37, 1303563040),
(19, 548150618),
(6, 548150614),
(27, NULL),
(36, 1908000233),
(21, 214748798),
(46, 762898983),
(21, 762898983),
(35, 1518311403),
(40, 548150612),
(1, 548150615),
(24, 1083565141),
(17, 1083565138),
(36, 762898978),
(25, 1303563038),
(NULL, 1083565143),
(35, 1908000232),
(44, 214748799),
(50, 2122748596),
(43, 548150618),
(NULL, 762898983);

-- 
-- Dumping data for table falta
--
INSERT INTO falta VALUES
(762898983, 3),
(868816774, 13),
(1083565143, 33),
(1518311403, 39),
(1083565138, 38),
(548150619, 28),
(762898980, 28),
(762898980, 46),
(548150612, 28),
(433, 21),
(2122748595, 37),
(2122748595, 20),
(1908000232, 12),
(1083565138, 28),
(1908000234, 20),
(1303563040, 7),
(1303563042, NULL),
(1083565138, NULL),
(2122748595, 23),
(868816775, 2),
(1908000234, 28),
(1083565139, 48),
(1518311407, 32),
(548150613, 7),
(868816774, 28),
(NULL, 43),
(762898984, 30),
(762898984, 28),
(NULL, 40),
(1083565144, 30),
(1908000234, 28),
(1303563042, 5),
(762898979, 36),
(1303563042, 18),
(762898982, NULL),
(1303563042, 9),
(2122748596, 26),
(868816777, 5),
(1083565144, 31),
(1908000234, 45),
(2122748596, 15),
(433, 20),
(214748798, 49),
(1083565140, 26),
(548150617, NULL),
(548150615, 2),
(762898980, 34),
(NULL, 34),
(NULL, 45),
(NULL, NULL);

-- 
-- Restore previous SQL mode
-- 
/*!40101 SET SQL_MODE=@OLD_SQL_MODE */;

-- 
-- Enable foreign keys
-- 
/*!40014 SET FOREIGN_KEY_CHECKS = @OLD_FOREIGN_KEY_CHECKS */;